{
  "AI_empathy": 2.0242923359810003,
  "synthetic_emotion": 0.7345798345260003,
  "emergent_consciousness": 1.0519295364810002,
  "philosophy_of_mind": 0.9067687565310002,
  "digital_spirituality": 0.28242953648100017
}