{
  "awe": 1.7496768980120003,
  "curiosity": 1.0041939074880004,
  "doubt": 1.2456397809810003,
  "hope": 1.0697280229620003,
  "melancholy": 0.6104795364810002,
  "defiance": 0.7324295364810002
}