{
  "question": 1.2329678615310005,
  "narrative": 1.6652882309810002,
  "list": 0.28242953648100017,
  "imperative": 1.1723848345260004,
  "anecdote": 0.28242953648100017,
  "dialogue": 0.28242953648100017,
  "technical": 0.646929536481
}